{"mrr": 0.8347363519749786, "hits_1": 0.745679012345679, "hits_5": 0.9319223985890652, "hits_10": 0.9495590828924162}