{"mrr": 0.8427967881808666, "hits_1": 0.7555555555555555, "hits_5": 0.9382716049382716, "hits_10": 0.9516754850088184}