{
  "support": 896.3627450980392,
  "coverage": 0.3314950980392157,
  "confidence": 0.5764405992640573,
  "pca_confidence": 0.8872147841528261
}