{
  "support": 737.9408866995074,
  "coverage": 0.2678551312883874,
  "confidence": 0.3221471355416926,
  "pca_confidence": 0.46987063289427544
}