{
  "support": 471.03038308300125,
  "coverage": 0.19661606932996678,
  "confidence": 0.2962415340443917,
  "pca_confidence": 0.43922768426155234
}