{
  "support": 247.11461318051576,
  "coverage": 0.17451596976025133,
  "confidence": 0.2430956859132495,
  "pca_confidence": 0.3595375499066968
}