{
  "support": 279.67015706806285,
  "coverage": 0.15615307485653993,
  "confidence": 0.25610846359729955,
  "pca_confidence": 0.37353694388850894
}