{
  "support": 39.50383631713555,
  "coverage": 0.03802101666711781,
  "confidence": 0.05402391098690307,
  "pca_confidence": 0.08798987026224996
}