{
  "support": 241.246719160105,
  "coverage": 0.15767759422229122,
  "confidence": 0.2356522605691937,
  "pca_confidence": 0.3638177438713486
}