{
  "support": 694.6585956416465,
  "coverage": 0.21101415420463138,
  "confidence": 0.37885384229498204,
  "pca_confidence": 0.5312255044379685
}