{
  "support": 632.129213483146,
  "coverage": 0.2514436012263902,
  "confidence": 0.3715899797192679,
  "pca_confidence": 0.5732950328683432
}