{
  "support": 748.8039215686274,
  "coverage": 0.31161211883837986,
  "confidence": 0.3489700500971072,
  "pca_confidence": 0.5137907733418576
}