{
  "support": 308.4384384384384,
  "coverage": 0.16123284811209532,
  "confidence": 0.29245840357508396,
  "pca_confidence": 0.4020526931188292
}