{
  "support": 773.3295128939828,
  "coverage": 0.24675479032992442,
  "confidence": 0.3946819393179674,
  "pca_confidence": 0.5748634342439426
}