{
  "support": 53.16595744680851,
  "coverage": 0.051617434414377085,
  "confidence": 0.080876137655896,
  "pca_confidence": 0.13353724815178128
}