{"mrr": 0.8852403383030824, "hits_1": 0.8222222222222222, "hits_5": 0.9548500881834215, "hits_10": 0.9710758377425044}