{
  "support": 127.72164948453609,
  "coverage": 0.14050786521951159,
  "confidence": 0.422857236937616,
  "pca_confidence": 0.556081997421878
}