{
  "support": 22.642857142857142,
  "coverage": 0.48176291793313064,
  "confidence": 0.2703495193343572,
  "pca_confidence": 0.6465150450802944
}