{
  "support": 83.5,
  "coverage": 0.2553516819571866,
  "confidence": 0.35457093721336147,
  "pca_confidence": 0.5388705685329804
}