{
  "support": 48.05714285714286,
  "coverage": 0.2044984802431612,
  "confidence": 0.2484307050011092,
  "pca_confidence": 0.42873460721256657
}