{
  "support": 2.903703703703704,
  "coverage": 0.26397306397306386,
  "confidence": 0.30961856139245886,
  "pca_confidence": 0.45826761556448586
}