{
  "support": 25.74966923030791,
  "coverage": 0.3162961699658008,
  "confidence": 0.21152999549352086,
  "pca_confidence": 0.4582529213310826
}