{
  "support": 13.769736842105264,
  "coverage": 0.2993421052631579,
  "confidence": 0.18908256068317367,
  "pca_confidence": 0.542557251298839
}