{
  "support": 25.58273381294964,
  "coverage": 0.18273381294964072,
  "confidence": 0.12629766358025282,
  "pca_confidence": 0.431942075194683
}