{
  "support": 10.688524590163935,
  "coverage": 0.2672131147540984,
  "confidence": 0.16524770970883368,
  "pca_confidence": 0.2613952276315192
}