{
  "support": 7.545454545454546,
  "coverage": 0.2794612794612794,
  "confidence": 0.0942463305496917,
  "pca_confidence": 0.5474485706762152
}