{
  "support": 1.2537313432835822,
  "coverage": 0.6268656716417911,
  "confidence": 0.07552841405069248,
  "pca_confidence": 0.19394038680408496
}