{
  "support": 31.284518828451883,
  "coverage": 0.06670473097750926,
  "confidence": 0.28058272941367524,
  "pca_confidence": 0.2817484114298598
}