{
  "support": 2.021978021978022,
  "coverage": 0.4043956043956043,
  "confidence": 0.09541058359335389,
  "pca_confidence": 0.3505458475783138
}