{
  "support": 30.153061224489797,
  "coverage": 0.18613000755857906,
  "confidence": 0.28169211049990633,
  "pca_confidence": 0.7317242272420452
}