{
  "support": 15.26923076923077,
  "coverage": 0.19328140214216147,
  "confidence": 0.3029066235960224,
  "pca_confidence": 0.5818441882796275
}