{
  "support": 1.7361111111111112,
  "coverage": 0.8680555555555556,
  "confidence": 0.09669992370136314,
  "pca_confidence": 0.6618916963349419
}