{
  "support": 32.84507042253521,
  "coverage": 0.5053087757313104,
  "confidence": 0.2068134625210322,
  "pca_confidence": 0.34135560791594155
}