{
  "support": 12.915384615384616,
  "coverage": 0.46126373626373607,
  "confidence": 0.11751345202471782,
  "pca_confidence": 0.4101611788076362
}