{
  "support": 44.757425742574256,
  "coverage": 0.18805641068308523,
  "confidence": 0.3605024173992351,
  "pca_confidence": 0.5335263979443224
}