{
  "support": 2.25,
  "coverage": 0.32142857142857184,
  "confidence": 0.09010963920031013,
  "pca_confidence": 0.19383845398546276
}