{
  "support": 14.62251655629139,
  "coverage": 0.28120224146714223,
  "confidence": 0.18211375992709564,
  "pca_confidence": 0.5235881333729923
}