{
  "support": 9.222222222222221,
  "coverage": 0.16468253968253949,
  "confidence": 0.1715555650356793,
  "pca_confidence": 0.407333859644045
}