{
  "support": 216.58333333333334,
  "coverage": 0.17382289994649555,
  "confidence": 0.12497628158957211,
  "pca_confidence": 0.19706032311039076
}