{
  "support": 1857.0205479452054,
  "coverage": 0.06465723853435479,
  "confidence": 0.09491235113203325,
  "pca_confidence": 0.11162692982741404
}