{
  "support": 204.42307692307693,
  "coverage": 0.04427617000716417,
  "confidence": 0.05611426062624019,
  "pca_confidence": 0.08653906093673759
}