{
  "support": 976.9875,
  "coverage": 0.029183842638229224,
  "confidence": 0.07495319286273358,
  "pca_confidence": 0.08275855764586079
}