{
  "support": 169.5897435897436,
  "coverage": 0.05960975170114009,
  "confidence": 0.14828768764026767,
  "pca_confidence": 0.28103360175391284
}