{
  "support": 124.4186046511628,
  "coverage": 0.14090442202849693,
  "confidence": 0.30519349488729886,
  "pca_confidence": 0.330245292940836
}