{
  "support": 99.13333333333334,
  "coverage": 0.1641280353200883,
  "confidence": 0.14526008729196807,
  "pca_confidence": 0.187753328413414
}