{
  "support": 198.3793103448276,
  "coverage": 0.027897526416091625,
  "confidence": 0.08881742444996918,
  "pca_confidence": 0.1382939165942849
}