{
  "support": 6.15,
  "coverage": 0.08200000000000002,
  "confidence": 0.19639567957798193,
  "pca_confidence": 0.29711994970082783
}