{
  "support": 155.50714285714287,
  "coverage": 0.05140731995277455,
  "confidence": 0.12284831468419265,
  "pca_confidence": 0.330981661398139
}