{
  "support": 132.47413793103448,
  "coverage": 0.12087056380568838,
  "confidence": 0.07392154447535543,
  "pca_confidence": 0.12754277600584663
}