{
  "support": 376.4242482644418,
  "coverage": 0.08715979730459307,
  "confidence": 0.13015275629251025,
  "pca_confidence": 0.1973595816661513
}