{
  "support": 3882.0416666666665,
  "coverage": 0.13254264968645793,
  "confidence": 0.13553671243984192,
  "pca_confidence": 0.20522214008460682
}