{
  "support": 481.3376623376623,
  "coverage": 0.07599268429707327,
  "confidence": 0.04310319009839269,
  "pca_confidence": 0.08411168800589768
}