{
  "support": 4652.522046781917,
  "coverage": 0.18758260518903275,
  "confidence": 0.12283400599037796,
  "pca_confidence": 0.24604994097373384
}