{
  "support": 378.219512195122,
  "coverage": 0.32298848180625295,
  "confidence": 0.06576646603276773,
  "pca_confidence": 0.1021630863704487
}