{
  "support": 849.3,
  "coverage": 0.10161521895190237,
  "confidence": 0.07136342837255448,
  "pca_confidence": 0.15863644790434278
}