{
  "support": 872.1612903225806,
  "coverage": 0.17633669436364355,
  "confidence": 0.12342838790512917,
  "pca_confidence": 0.24006284097485242
}