{
  "support": 717.9642857142857,
  "coverage": 0.25523081610888226,
  "confidence": 0.18225376026564746,
  "pca_confidence": 0.4378937909290869
}