{
  "support": 136.15384615384616,
  "coverage": 0.40282203004096484,
  "confidence": 0.10752556288170269,
  "pca_confidence": 0.20700725550254867
}