{
  "support": 1183.6349206349207,
  "coverage": 0.1775629943946776,
  "confidence": 0.07264040147959866,
  "pca_confidence": 0.12504177766091398
}