{
  "support": 1318.0,
  "coverage": 0.2863349989137519,
  "confidence": 0.039770618283519056,
  "pca_confidence": 0.05914532000187247
}