{
  "support": 142.013698630137,
  "coverage": 0.16806354867471832,
  "confidence": 0.04163916623136741,
  "pca_confidence": 0.05436012687621537
}