{
  "support": 673.2280701754386,
  "coverage": 0.14616328054177993,
  "confidence": 0.07850921484138927,
  "pca_confidence": 0.08799785814543136
}