{
  "support": 21.509090909090908,
  "coverage": 0.2217432052483599,
  "confidence": 0.17711160904632747,
  "pca_confidence": 0.47223345399556854
}