{
  "support": 527.3076923076923,
  "coverage": 0.22966362905387294,
  "confidence": 0.007704961186476789,
  "pca_confidence": 0.03080135375656025
}