{
  "support": 6505.9838709677415,
  "coverage": 0.10808898125912085,
  "confidence": 0.6167413155601321,
  "pca_confidence": 0.762476403594414
}