{
  "support": 776.6666666666666,
  "coverage": 0.11011862564393401,
  "confidence": 0.3246188402027677,
  "pca_confidence": 0.7091968305845749
}