{
  "support": 198.64150943396226,
  "coverage": 0.40129597865446903,
  "confidence": 0.0504611035723722,
  "pca_confidence": 0.06962341797716261
}