{
  "support": 64.92307692307692,
  "coverage": 0.24045584045584054,
  "confidence": 0.19465257502741595,
  "pca_confidence": 0.44018765927701725
}