{
  "support": 7.466666666666667,
  "coverage": 0.11851851851851851,
  "confidence": 0.35803673093961624,
  "pca_confidence": 0.9178362573099415
}