{
  "support": 2094.744680851064,
  "coverage": 0.09592639469025342,
  "confidence": 0.1455544872089417,
  "pca_confidence": 0.34329855487396355
}