{
  "support": 167.1,
  "coverage": 0.4680672268907562,
  "confidence": 0.12579508070954892,
  "pca_confidence": 0.17961008445904064
}