{
  "support": 1249.342105263158,
  "coverage": 0.128150795493195,
  "confidence": 0.1115853135451244,
  "pca_confidence": 0.11871620754444245
}