{
  "support": 57659.209677419356,
  "coverage": 0.16987619926232578,
  "confidence": 0.20029688675650845,
  "pca_confidence": 0.31914445306255385
}