{
  "support": 637.8947368421053,
  "coverage": 0.20186542305129918,
  "confidence": 0.052579182869538665,
  "pca_confidence": 0.20055043735492445
}