{
  "support": 6882.568965517241,
  "coverage": 0.23567213277349827,
  "confidence": 0.09133375377947278,
  "pca_confidence": 0.17560639789229823
}