{
  "support": 44.37837837837838,
  "coverage": 0.20357054302008432,
  "confidence": 0.15108883459417,
  "pca_confidence": 0.47058372066162063
}