{
  "support": 2.1666666666666665,
  "coverage": 0.12037037037037027,
  "confidence": 0.025916604125752682,
  "pca_confidence": 0.06619506151790029
}