{
  "support": 104.25352112676056,
  "coverage": 0.12080361660111306,
  "confidence": 0.04272640973934538,
  "pca_confidence": 0.11591192875359006
}