{
  "support": 7285.429906542056,
  "coverage": 0.09048312662595545,
  "confidence": 0.10571975215167435,
  "pca_confidence": 0.1274937656501059
}