{
  "support": 165.88571428571427,
  "coverage": 0.04858984015398777,
  "confidence": 0.030037874761769386,
  "pca_confidence": 0.04083122907011835
}