{
  "support": 325.8918918918919,
  "coverage": 0.1657639328036073,
  "confidence": 0.10951894662825551,
  "pca_confidence": 0.3053088804718369
}