{
  "support": 354.1636363636364,
  "coverage": 0.1306394822440562,
  "confidence": 0.06494467897570433,
  "pca_confidence": 0.16566229993634504
}