{
  "support": 55.425925925925924,
  "coverage": 0.08646790316057083,
  "confidence": 0.04794647962918944,
  "pca_confidence": 0.14086332010686461
}