{
  "support": 1036.7105263157894,
  "coverage": 0.22242233990898716,
  "confidence": 0.0802687050531057,
  "pca_confidence": 0.13412464763642468
}