{
  "support": 67904.14893617021,
  "coverage": 0.2328922105442287,
  "confidence": 0.1450873535853468,
  "pca_confidence": 0.4040471723058019
}