{
  "support": 5800.974358974359,
  "coverage": 0.142142421380862,
  "confidence": 0.11962340133886351,
  "pca_confidence": 0.18475479473579956
}