{
  "support": 728.8679245283018,
  "coverage": 0.23641515553950754,
  "confidence": 0.08028935655677437,
  "pca_confidence": 0.1862712421099203
}