{
  "support": 907.6046511627907,
  "coverage": 0.1648991008653326,
  "confidence": 0.12368107526787832,
  "pca_confidence": 0.26087590893314355
}